Categoria,Sottocategoria,Programma
SPORT,Calcio,Metropolis Calcio
SPORT,Calcio,Momenti di Calcio
SPORT,Calcio,Novastadio
SPORT,Calcio,Oltre lo Stadio
SPORT,Motori,Griglia di Partenza
ATTUALITÀ E APPROFONDIMENTI,Informazione,Aspettando il TGN
ATTUALITÀ E APPROFONDIMENTI,Informazione,TGN
ATTUALITÀ E APPROFONDIMENTI,Informazione,Metropolis
ATTUALITÀ E APPROFONDIMENTI,Informazione,"Pronto, Telenova?"
ATTUALITÀ E APPROFONDIMENTI,Informazione,Sbarco in Lombardia
ATTUALITÀ E APPROFONDIMENTI,Informazione,Storia e Misteri
ATTUALITÀ E APPROFONDIMENTI,Informazione,Semplicemente Milano
ATTUALITÀ E APPROFONDIMENTI,Talk Show,Linea d’Ombra
ATTUALITÀ E APPROFONDIMENTI,Talk Show,Linea d’Ombra per Te
CULTURA E SOCIETÀ,Intrattenimento,Dentro l’Armadio
CULTURA E SOCIETÀ,Intrattenimento,Ancora una Canzone
CULTURA E SOCIETÀ,Intrattenimento,Testa e Cuore
CULTURA E SOCIETÀ,Intrattenimento,Dentro la Casa
CULTURA E SOCIETÀ,Intrattenimento,Gli Sdraiati
CULTURA E SOCIETÀ,Rubriche,Scenari
CULTURA E SOCIETÀ,Rubriche,Lo spazio di BenEssere
CULTURA E SOCIETÀ,Rubriche,Il Punto di Luce
CULTURA E SOCIETÀ,Rubriche,Artigianando
CULTURA E SOCIETÀ,Rubriche,Vivere Meglio
CULTURA E SOCIETÀ,Rubriche,Pasticcerando Senza Glutine
CULTURA E SOCIETÀ,Sociale,KeStorie!rap
CULTURA E SOCIETÀ,Sociale,Intorno a noi
CULTURA E SOCIETÀ,Sociale,Agrinet4Women
DIOCESI DI MILANO,,La Chiesa nella Città
DIOCESI DI MILANO,,La Chiesa nella Città Oggi
DIOCESI DI MILANO,,La Parola ogni giorno
DIOCESI DI MILANO,Avvento,Il Kaire
DIOCESI DI MILANO,Quaresima,Kyrie
RELIGIONE,,Fede e Parole
RELIGIONE,,Caro Padre
RELIGIONE,Giubileo,Viandanti della Speranza
RELIGIONE,Liturgia,La Domenica in Famiglia
